Category,total_sales,total_profit,margin_pct
Technology,836154.033,145454.9481,17.395712076891936
Office Supplies,719047.032,122490.8008,17.035158390028652
Furniture,741999.7953,18451.2728,2.4866951334588867
