,Shipping Days,Profit Margin,Discount,Sales,Profit
Shipping Days,1.0,-0.011815352258706936,0.0004084855546757399,-0.007353537093501099,-0.0046493531441506196
Profit Margin,-0.011815352258706936,1.0,-0.8644522856000328,0.0034440325683032305,0.2237316698683883
Discount,0.0004084855546757399,-0.8644522856000328,1.0,-0.028190124157535527,-0.21948745637176792
Sales,-0.007353537093501099,0.0034440325683032305,-0.028190124157535527,1.0,0.47906434973770706
Profit,-0.0046493531441506196,0.2237316698683883,-0.21948745637176792,0.47906434973770706,1.0
