Region,total_sales,total_profit,margin_pct
West,725457.8245,108418.4489,14.944831420727203
East,678781.24,91522.78,13.483398568882073
South,391721.905,46749.4303,11.934341609004479
Central,501239.8908,39706.3625,7.921628591177566
